	shrimp	almonds	avocado	vegetables mix	green grapes	whole weat flour	yams	cottage cheese	energy drink	tomato juice	low fat yogurt	green tea	honey	salad	mineral water	salmon	antioxydant juice	frozen smoothie	spinach	olive oil
0	burgers	meatballs	eggs																	
1	chutney																			
2	turkey	avocado																		
3	mineral water	milk	energy bar	whole wheat rice	green tea															
4	low fat yogurt																			
5	whole wheat pasta	french fries																		
6	soup	light cream	shallot																	
7	frozen vegetables	spaghetti	green tea																	
8	french fries																			
9	eggs	pet food																		
10	cookies																			
11	turkey	burgers	mineral water	eggs	cooking oil															
12	spaghetti	champagne	cookies																	
13	mineral water	salmon																		
14	mineral water																			
15	shrimp	chocolate	chicken	honey	oil	cooking oil	low fat yogurt													
16	turkey	eggs																		
17	turkey	fresh tuna	tomatoes	spaghetti	mineral water	black tea	salmon	eggs	chicken	extra dark chocolate										
18	meatballs	milk	honey	french fries	protein bar															
19	red wine	shrimp	pasta	pepper	eggs	chocolate	shampoo													
20	rice	sparkling water																		
21	spaghetti	mineral water	ham	body spray	pancakes	green tea														
22	burgers	grated cheese	shrimp	pasta	avocado	honey	white wine	toothpaste												
23	eggs																			
24	parmesan cheese	spaghetti	soup	avocado	milk	fresh bread														
25	ground beef	spaghetti	mineral water	milk	energy bar	black tea	salmon	frozen smoothie	escalope											
26	sparkling water																			
27	mineral water	eggs	chicken	chocolate	french fries															
28	frozen vegetables	spaghetti	yams	mineral water																
29	herb & pepper	tomato sauce	light cream	magazines																
30	mineral water	chocolate	avocado	eggs																
31	turkey	french fries	strawberries																	
32	frozen vegetables	strong cheese	chocolate																	
33	cookies																			
34	pickles	spaghetti	salmon	escalope																
35	energy bar	french fries																		
36	red wine	ground beef	mineral water																	
37	mineral water	cake	cottage cheese																	
38	pickles	champagne	green tea																	
39	spaghetti																			
40	fresh tuna	frozen vegetables	spaghetti	mineral water	honey	whole wheat rice	frozen smoothie	escalope												
41	spaghetti																			
42	soup	meatballs	hot dogs	sparkling water																
43	escalope																			
44	soup	avocado	french fries	hot dogs	brownies	body spray	pancakes	green tea												
45	mineral water	chicken	cereals	clothes accessories																
46	mineral water	bug spray																		
47	avocado	muffins																		
48	burgers	black tea	green tea																	
49	spaghetti	chocolate	brownies	white wine	green tea															
50	fresh tuna	mineral water	eggs																	
51	spaghetti	muffins																		
52	spaghetti	chocolate																		
53	french fries	escalope	champagne																	
54	tomato sauce	light mayo																		
55	turkey	fresh tuna	frozen vegetables	tomatoes	ground beef	spaghetti	mineral water	chocolate	soup	milk	olive oil									
56	eggs	cookies																		
57	soup	chicken	gums	soda	body spray	energy drink	green tea													
58	turkey	frozen vegetables	mineral water	cider	cooking oil	green tea														
59	spaghetti																			
60	clothes accessories																			
61	energy drink																			
62	soup	bug spray	shallot	protein bar	green tea															
63	turkey	eggs																		
64	french fries																			
65	chocolate	milk																		
66	herb & pepper	whole wheat pasta	ground beef	mineral water	avocado	cider	whole wheat rice													
67	cookies																			
68	shrimp	pasta																		
69	grated cheese	herb & pepper	tomatoes	tomato sauce	corn															
70	burgers	escalope	shallot																	
71	cookies																			
72	yogurt cake																			
73	soup	eggs																		
74	cookies																			
75	mineral water	chocolate	low fat yogurt																	
76	eggs	strawberries																		
77	grated cheese	ground beef	spaghetti	mineral water	white wine															
78	mint																			
79	eggs	cake	french fries																	
80	burgers	spaghetti	milk	french fries	green tea															
81	mineral water	energy bar	butter	french fries																
82	burgers	grated cheese	herb & pepper	mineral water	eggs	cooking oil														
83	energy bar																			
84	energy bar	energy drink																		
85	chocolate	frozen smoothie																		
86	low fat yogurt																			
87	asparagus	salad																		
88	burgers	french fries	low fat yogurt	green tea																
89	low fat yogurt																			
90	burgers	herb & pepper	shrimp	pasta	spaghetti	mineral water	meatballs	olive oil	energy bar	french wine	eggs	salt								
91	champagne	low fat yogurt																		
92	champagne																			
93	burgers	almonds	eggs	french fries	cookies	green tea														
94	ham	soup	escalope	body spray																
95	turkey	ham	frozen vegetables	pepper	oil	extra dark chocolate	tea	magazines												
96	muffins	eggs	cookies																	
97	cookies																			
98	frozen vegetables	whole wheat pasta	ground beef	spaghetti	chocolate	green tea														
99	mineral water	barbecue sauce	chocolate																	
100	burgers	herb & pepper	energy bar	almonds	eggs	corn	mayonnaise	zucchini												
101	turkey	burgers	ground beef	chocolate	soup	almonds	eggs	hot dogs	cottage cheese											
102	ham	spaghetti	chocolate	eggs																
103	ground beef	energy bar	pet food	carrots	protein bar															
104	ground beef	tomato sauce	spaghetti	mineral water	almonds	eggs														
105	mineral water	olive oil	gums	cooking oil																
106	shrimp	pasta	mineral water	soup	avocado	milk	olive oil	green grapes	eggs	bug spray										
107	shrimp	pasta	soup	cake	cooking oil	chicken	light mayo	low fat yogurt												
108	spaghetti	mineral water	chocolate	french fries	champagne	escalope	mushroom cream sauce	fresh bread												
109	shrimp	pasta	mineral water	eggs																
110	burgers	oil	tomato juice	fresh bread																
111	french wine	eggs	chocolate	low fat yogurt																
112	chicken	eggs	french fries	pancakes																
113	turkey	herb & pepper	salmon	white wine	candy bars															
114	grated cheese	spaghetti	olive oil	eggs	french fries	green tea														
115	mineral water	energy bar																		
116	eggs	french fries																		
117	burgers	tomatoes	mineral water	soup	milk	almonds	eggs	chocolate	tomato juice											
118	muffins																			
119	pasta																			
120	tomatoes	spaghetti	frozen smoothie																	
121	ground beef	spaghetti	milk																	
122	french fries																			
123	chocolate	milk																		
124	burgers	shrimp	pasta	frozen vegetables	spaghetti	mineral water	milk	eggs	chocolate	french fries	pancakes	low fat yogurt								
125	ground beef	mineral water	antioxydant juice	protein bar																
126	grated cheese	whole wheat pasta	ground beef	spaghetti	cake	energy drink														
127	grated cheese																			
128	pancakes																			
129	frozen smoothie																			
130	carrots	green tea																		
131	chocolate																			
132	turkey	burgers	chocolate	olive oil	eggs	cooking oil	corn													
133	frozen vegetables	tomatoes	pepper	spaghetti	mineral water	pancakes	chicken	chili	tea	french fries	tomato juice	fresh bread								
134	cookies																			
135	ground beef																			
136	turkey	eggs	chocolate	frozen smoothie	tomato juice															
137	frozen vegetables	cooking oil	mashed potato																	
138	frozen vegetables	ground beef	tomato sauce	mineral water	meatballs	olive oil	light cream	tomato juice												
139	red wine	spaghetti	mineral water	soup	milk	eggs	cake	gums	cooking oil	chocolate	frozen smoothie									
140	chocolate	tomatoes	spaghetti	mineral water	avocado	milk	olive oil	eggs	rice	french fries	brownies									
141	chocolate	shrimp	pasta	frozen vegetables	ground beef	mineral water	nonfat milk	eggs												
142	turkey	shrimp	pasta	pepper	spaghetti	mineral water	eggs	chicken	french fries											
143	cookies																			
144	turkey	tomatoes	cake																	
145	yams	mineral water	soup	milk	pancakes	whole wheat rice	barbecue sauce	carrots	chocolate	champagne										
146	rice																			
147	chocolate	milk																		
148	shrimp	pasta	frozen vegetables	water spray																
149	burgers	mineral water	milk	eggs	whole wheat rice	mint														
150	mineral water	vegetables mix	cake	frozen smoothie	brownies															
151	cookies																			
152	shrimp	pasta	chicken	chocolate bread																
153	shallot																			
154	shrimp	pasta	spaghetti	eggs	hot dogs	green tea														
155	burgers																			
156	red wine	ground beef	spaghetti	mineral water	milk	olive oil	strong cheese	light cream	cooking oil											
157	burgers	grated cheese	spaghetti	avocado	milk	oil	french fries													
158	herb & pepper	whole wheat pasta	ground beef	mineral water	olive oil															
159	shrimp	pasta	yams	milk	chocolate															
160	butter	green tea																		
161	light mayo																			
162	low fat yogurt																			
163	herb & pepper	shrimp	pasta	spaghetti	milk															
164	burgers	eggs																		
165	turkey	herb & pepper	ground beef	soup	avocado	milk	black tea	eggs	barbecue sauce	carrots	cookies	tomato juice	fresh bread							
166	cookies																			
167	escalope																			
168	pepper	french fries	strawberries	pancakes	low fat yogurt															
169	frozen vegetables	yams	chicken	honey	light mayo															
170	chocolate	champagne																		
171	herb & pepper	honey	cake	rice	protein bar															
172	burgers	chocolate	frozen vegetables	ground beef	mineral water	milk	light mayo	asparagus												
173	chocolate	mineral water	corn	cottage cheese	green tea															
174	muffins																			
175	ham	french wine	escalope																	
176	spaghetti	milk	whole wheat rice	mint green tea																
177	chocolate	body spray																		
178	frozen vegetables	french fries	hot dogs																	
179	candy bars																			
180	burgers	shrimp	pasta	milk	green tea	french fries	cookies	white wine												
181	parmesan cheese	ground beef																		
182	pancakes	whole wheat rice	candy bars																	
183	eggs	eggplant	cookies																	
184	frozen vegetables	mineral water																		
185	chocolate																			
186	turkey	spaghetti	milk	whole wheat rice	chocolate															
187	whole wheat pasta	ground beef	spaghetti	soup	meatballs	chicken	blueberries	cooking oil	champagne	yogurt cake	protein bar									
188	cooking oil	tomato juice																		
189	frozen vegetables	milk	eggs	french fries	green tea															
190	fresh tuna	spaghetti	olive oil	french wine	eggs	french fries	champagne	pancakes	light mayo											
191	red wine	honey	hot dogs																	
192	milk	bacon	eggs	french fries	fresh bread															
193	french fries	yogurt cake																		
194	milk																			
195	french fries																			
196	chocolate																			
197	burgers	ham	red wine																	
198	shrimp	pasta	tomatoes	energy bar	french wine	antioxydant juice	french fries	frozen smoothie	brownies											
199	green tea																			
200	low fat yogurt																			
201	turkey	spaghetti	mineral water	soup	spinach	soda	energy drink	salt												
202	turkey	eggs																		
203	bug spray	hot dogs																		
204	oil																			
205	soup	energy bar	chicken	eggs	cake	french fries	body spray	strawberries												
206	spaghetti	chocolate	yogurt cake																	
207	turkey	mineral water	meatballs																	
208	ground beef	mineral water	chocolate	fromage blanc	bacon	hot dogs														
209	frozen vegetables	mineral water	vegetables mix	escalope																
210	herb & pepper	red wine	tomatoes																	
211	whole wheat pasta	olive oil	cereals	brownies	green tea															
212	cookies																			
213	olive oil	cookies	mushroom cream sauce																	
214	ground beef	pancakes	cooking oil	gluten free bar	light mayo															
215	mineral water	french fries																		
216	herb & pepper																			
217	salmon																			
218	eggs	escalope																		
219	mineral water	tomato juice																		
220	mineral water																			
221	shrimp	mineral water	soup	black tea																
222	cake	frozen smoothie																		
223	turkey	burgers	grated cheese	tomatoes	chocolate	fromage blanc	honey	whole wheat rice												
224	frozen vegetables	ground beef	mineral water	olive oil	pancakes															
225	turkey	burgers	ground beef	milk	olive oil	cake	fresh bread													
226	whole wheat pasta	ground beef	spaghetti	yams	mineral water	soup	chutney	cereals	energy drink	protein bar										
227	eggs	whole wheat rice	cake	green tea	escalope															
228	ground beef	yams	soup	avocado	salmon	green tea														
229	milk																			
230	spaghetti	chocolate																		
231	whole wheat pasta	honey																		
232	whole wheat pasta	green tea																		
233	spaghetti	meatballs	vegetables mix	chocolate																
234	eggs	low fat yogurt																		
235	fresh tuna	shrimp	pasta	mineral water	olive oil	eggs	cake	brownies	tomato juice											
236	mineral water	green grapes	hot dogs	fresh bread																
237	frozen vegetables	meatballs	eggs	chocolate																
238	chocolate																			
239	meatballs	milk																		
240	low fat yogurt																			
241	green tea																			
242	escalope	pasta																		
243	pepper	chocolate	olive oil	french wine	salmon	rice	light mayo	fresh bread	magazines											
244	red wine	french wine	vegetables mix	rice	clothes accessories	hot dogs	green tea													
245	burgers	dessert wine	spaghetti	chicken	cake	protein bar	green tea													
246	french wine	cake	fresh bread																	
247	burgers	frozen vegetables	flax seed	eggs																
248	red wine																			
249	pepper	mineral water	energy bar	green grapes																
250	milk	eggs	cake	chocolate	french fries	green tea														
251	french fries																			
252	almonds																			
253	burgers	mineral water	green tea																	
254	milk	pancakes																		
255	pancakes	eggs	salt	tomato juice																
256	mineral water																			
257	ham	spaghetti	mineral water	olive oil																
258	salt	tomato juice	fresh bread																	
259	spaghetti	mushroom cream sauce																		
260	spaghetti	mineral water	eggs	pet food																
261	frozen vegetables	spaghetti																		
262	energy drink																			
263	muffins																			
264	turkey	milk																		
265	cookies																			
266	chocolate																			
267	spaghetti	mineral water	eggs	cooking oil	chocolate	escalope														
268	shrimp	frozen vegetables	pepper	spaghetti	green tea															
269	burgers	fresh tuna	red wine	mineral water	french fries	hand protein bar	low fat yogurt													
270	pancakes	eggs	energy drink	fresh bread																
271	strong cheese	salmon	green tea	french fries	frozen smoothie	hot dogs														
272	grated cheese	shrimp	pasta	tomatoes	milk	frozen smoothie	sandwich													
273	herb & pepper	whole wheat pasta	olive oil	pancakes	eggs															
274	spaghetti	antioxydant juice																		
275	chocolate	milk	almonds	eggs	strawberries	white wine														
276	french fries	strawberries																		
277	mineral water																			
278	eggs																			
279	escalope																			
280	cake																			
281	whole wheat pasta	antioxydant juice	body spray	green tea																
282	mineral water	oil	frozen smoothie																	
283	french fries	champagne																		
284	chocolate	french fries																		
285	frozen vegetables	spaghetti	eggs																	
286	hot dogs																			
287	chocolate	cookies																		
288	pancakes																			
289	shrimp	butter	chicken	salmon																
290	chocolate	cookies	babies food																	
291	pepper	spaghetti	cake	chocolate	french fries	fresh bread														
292	avocado	oil	cereals	french fries																
293	herb & pepper	spaghetti	mineral water	spinach	eggs	oil	cooking oil	green tea	shampoo	tomato juice	low fat yogurt									
294	herb & pepper	frozen vegetables	ground beef	pepper	spaghetti	mint green tea	french fries													
295	french fries																			
296	green tea	tomato juice																		
297	eggs	whole wheat rice	chocolate																	
298	grated cheese	herb & pepper	red wine	spaghetti	mineral water	salmon	eggs	cooking oil	green tea											
299	french fries	cookies	shallot	tomato juice	fresh bread	low fat yogurt														
300	burgers	fresh tuna	spaghetti	muffins	honey															
301	herb & pepper	ground beef	spaghetti	eggs	chicken															
302	grated cheese	muffins	tomato juice	mayonnaise																
303	whole wheat pasta	yams	mineral water	muffins	frozen smoothie	hot dogs	energy drink													
304	burgers	spaghetti	soup	milk	olive oil	salmon	eggs	blueberries												
305	chocolate	champagne	magazines																	
306	frozen vegetables	spaghetti	yams	mineral water	french wine	green grapes	rice	chocolate												
307	tomato sauce	chocolate																		
308	milk	eggs																		
309	pet food																			
310	yogurt cake																			
311	green tea																			
312	escalope	pasta																		
313	herb & pepper	ground beef																		
314	mineral water	honey	brownies																	
315	turkey	eggs	cake	energy drink																
316	turkey	burgers	dessert wine	ground beef	soup	salmon	eggs	gums	tomato juice	candy bars										
317	spaghetti	mineral water	chicken																	
318	turkey	ground beef	carrots	french fries	melons															
319	mineral water	eggs	low fat yogurt																	
320	turkey	cooking oil	shampoo																	
321	spaghetti	hot dogs																		
322	chocolate	green tea																		
323	grated cheese	pepper	mineral water	chocolate	eggs	cake	mashed potato	tomato juice												
324	chocolate																			
325	spaghetti	olive oil	strong cheese	pancakes																
326	red wine	mineral water	soup	rice	cookies															
327	red wine	shrimp	spaghetti																	
328	green tea																			
329	mineral water	chicken	french fries	frozen smoothie																
330	muffins																			
331	cake	chocolate																		
332	fresh tuna	tomatoes	mineral water	soup	avocado	meatballs	olive oil													
333	turkey	french fries																		
334	burgers	turkey	herb & pepper	ground beef	pancakes	eggs	light cream	rice	champagne	fresh bread										
335	escalope																			
336	chocolate	escalope	fresh bread																	
337	ham	spaghetti	french wine	vegetables mix	chocolate	french fries														
338	avocado	light mayo																		
339	spaghetti	yams	butter	chocolate																
340	energy bar	eggs	french fries																	
341	fresh tuna	barbecue sauce	eggplant																	
342	energy drink																			
343	whole wheat rice	french fries	hot dogs	green tea																
344	mineral water	chicken	green tea																	
345	eggs	cake	mushroom cream sauce																	
346	escalope																			
347	antioxydant juice	escalope																		
348	shrimp	spaghetti	french fries																	
349	grated cheese	spaghetti	salmon	tomato juice																
350	spaghetti	green tea																		
351	champagne	protein bar																		
352	mineral water	avocado	chocolate																	
353	tomatoes	champagne	green tea																	
354	chicken	french fries	escalope																	
355	frozen vegetables	tomatoes	eggs	green tea	frozen smoothie	light mayo														
356	ground beef	chicken	cider	green grapes	honey	chocolate	french fries	champagne	frozen smoothie	escalope										
357	french fries	champagne																		
358	mineral water	soup																		
359	frozen vegetables	spaghetti	milk	chocolate	babies food															
360	honey	whole wheat rice																		
361	whole wheat rice	chicken	tomato juice																	
362	pancakes																			
363	green tea	protein bar	tomato juice	candy bars																
364	french fries																			
365	mineral water																			
366	escalope																			
367	grated cheese	herb & pepper	whole wheat pasta	yams	mineral water	bacon	nonfat milk	spinach												
368	spaghetti	milk																		
369	milk	chocolate	white wine																	
370	sandwich																			
371	chocolate	light mayo																		
372	shrimp	whole wheat pasta	spaghetti	meatballs	chicken	frozen smoothie	tomato juice													
373	red wine	ground beef	spaghetti	mineral water	eggs															
374	yams	melons																		
375	spaghetti	cooking oil																		
376	french fries																			
377	mineral water	milk	spinach	cooking oil	chocolate	frozen smoothie	hot dogs													
378	tomato sauce	milk																		
379	shrimp	cider	eggs	french fries																
380	champagne																			
381	salad																			
382	french fries																			
383	frozen vegetables	mineral water	energy bar	honey	rice	green tea														
384	french fries	salad																		
385	honey	chocolate	french fries	brownies																
386	green tea	strawberries	gluten free bar																	
387	frozen vegetables	ground beef	mineral water	salmon	honey	extra dark chocolate	green tea	mushroom cream sauce	gluten free bar											
388	grated cheese	tomatoes	mineral water	meatballs																
389	shrimp	chocolate	water spray																	
390	turkey																			
391	turkey	eggs																		
392	turkey	frozen vegetables	tomatoes	soup	butter	french wine	pancakes	eggs	tomato juice	fresh bread	green tea									
393	spaghetti																			
394	milk	frozen smoothie	low fat yogurt																	
395	burgers	mineral water	milk	whole wheat rice	cereals	chocolate	french fries													
396	mineral water																			
397	tomatoes	mineral water	soup	cake	chocolate															
398	mineral water																			
399	ground beef	spaghetti																		
400	pepper	frozen smoothie																		
401	yogurt cake																			
402	red wine	pancakes																		
403	candy bars																			
404	eggs	french fries	low fat yogurt																	
405	cookies																			
406	cookies																			
407	spaghetti	soup	vegetables mix	spinach	french fries	escalope	cauliflower	toothpaste												
408	cookies																			
409	soup	olive oil	eggs	soda	corn															
410	chocolate	frozen smoothie	low fat yogurt																	
411	spaghetti	mineral water	milk	pancakes	chocolate	french fries														
412	mineral water																			
413	herb & pepper	frozen vegetables	tomato sauce	mineral water	soup	milk	olive oil	almonds												
414	burgers	eggs																		
415	french fries																			
416	frozen smoothie	cottage cheese																		
417	tomatoes	mineral water	chocolate	light mayo																
418	salmon	escalope	shallot	strawberries	fresh bread	low fat yogurt														
419	energy bar																			
420	red wine	ground beef	spaghetti	pancakes	blueberries	oil	cooking oil	tomato juice												
421	ground beef	spaghetti	mineral water	milk	frozen smoothie	champagne														
422	cookies																			
423	salmon	escalope																		
424	cookies																			
425	low fat yogurt																			
426	eggs																			
427	red wine	butter	hot dogs																	
428	tomatoes	mineral water	soup	mashed potato																
429	cookies																			
430	parmesan cheese	ground beef	salmon	pancakes	champagne															
431	ground beef	yams	chocolate	olive oil	eggs															
432	shrimp	salmon	eggs	cookies	hot dogs															
433	magazines	mint																		
434	turkey	mineral water	eggs	cooking oil	extra dark chocolate	escalope														
435	mineral water	mushroom cream sauce																		
436	grated cheese	frozen vegetables	mineral water	soup	milk	french wine														
437	chocolate	cake																		
438	burgers	salt	white wine																	
439	energy drink																			
440	olive oil	cake	energy drink																	
441	ground beef	whole wheat rice																		
442	eggs	french fries																		
443	spaghetti	escalope	mushroom cream sauce																	
444	mineral water	fromage blanc	whole wheat rice	cake	french fries															
445	turkey	burgers	frozen vegetables	ground beef	mineral water	milk	eggs	cake	light mayo											
446	green tea	cottage cheese																		
447	fresh tuna	eggs	champagne																	
448	cookies																			
449	cookies																			
450	cookies																			
451	tomatoes	mineral water	eggplant																	
452	grated cheese	tomatoes	spaghetti	mineral water	soup	honey	chicken	chocolate	french fries											
453	protein bar																			
454	herb & pepper	red wine	shrimp	mineral water	barbecue sauce	protein bar														
455	burgers	ham	spaghetti	mineral water	milk	eggs	french fries	escalope	pancakes	low fat yogurt										
456	french fries																			
457	frozen vegetables	soup	milk	eggs	whole wheat rice	chocolate	escalope	melons												
458	spaghetti																			
459	herb & pepper	shrimp	soup	eggs	oil	cooking oil	energy drink	protein bar	low fat yogurt											
460	ham	grated cheese	herb & pepper	shrimp	ground beef	spaghetti	mineral water	carrots												
461	ham	red wine	ground beef	yams	mineral water	chocolate	low fat yogurt													
462	chocolate	french fries	mushroom cream sauce	cottage cheese	low fat yogurt															
463	eggs																			
464	cake	cookies																		
465	grated cheese	mineral water	cake	chocolate bread																
466	tomatoes	almonds	cake	champagne	low fat yogurt															
467	herb & pepper	shrimp	frozen vegetables	milk	butter	salmon	eggs	chocolate												
468	herb & pepper	shrimp	whole wheat pasta	whole wheat rice	chicken	green tea	cauliflower													
469	eggs	corn																		
470	shrimp	frozen vegetables	tomato sauce	mineral water	chocolate	soup	olive oil	salmon	green beans	champagne										
471	ham	herb & pepper	tomato sauce	mineral water	green grapes	eggs	gums	light cream	oil	green tea	mint									
472	energy bar	cake	chocolate																	
473	herb & pepper	shrimp	spaghetti	eggs																
474	fresh tuna	mineral water	honey	cooking oil																
475	red wine	mineral water	oil	ketchup	chili	pet food	eggplant	green tea	escalope	tomato juice	low fat yogurt									
476	herb & pepper	shrimp	mineral water	pancakes	eggs	cake	blueberries	tea	frozen smoothie											
477	ground beef	mineral water	protein bar																	
478	shrimp	frozen vegetables	parmesan cheese	spaghetti	salmon	carrots	frozen smoothie	pasta	mashed potato	shallot	light mayo	magazines								
479	milk	chocolate																		
480	frozen vegetables	ground beef	spaghetti	olive oil	whole wheat rice	eggplant	cottage cheese													
481	turkey	ground beef	low fat yogurt																	
482	herb & pepper	spaghetti	mineral water	whole wheat rice	cake	hot dogs	green tea													
483	green tea																			
484	cookies																			
485	eggs	cookies																		
486	spaghetti	eggs	ham	chocolate	french fries	champagne	brownies	pancakes	light mayo											
487	red wine	spaghetti	milk	eggs	chocolate															
488	turkey	burgers	pancakes	french fries	strawberries	green tea														
489	escalope																			
490	frozen vegetables	pancakes	eggs	cake																
491	french fries																			
492	turkey	ground beef	pepper	spaghetti	honey	cookies														
493	chocolate	red wine	tomato sauce	olive oil	chili	french fries	cookies	salt	fresh bread	magazines										
494	green tea	french fries																		
495	mineral water																			
496	cooking oil																			
497	frozen vegetables	spaghetti																		
498	ham	spaghetti																		
499	chicken	chocolate	cookies																	
500	low fat yogurt																			
501	eggs	cake	low fat yogurt																	
502	shrimp	spaghetti	mineral water	soup	milk	bramble	frozen smoothie	cottage cheese												
503	mineral water	eggs	protein bar																	
504	turkey	shrimp	meatballs	butter	eggs	salad	green tea													
505	fresh tuna	spaghetti	chocolate	olive oil	chicken	french fries														
506	turkey	shrimp	escalope	hot dogs																
507	burgers	pepper	soup	milk	pancakes	green tea														
508	pancakes																			
509	mineral water	pancakes	eggs	french fries																
510	eggs	escalope	low fat yogurt																	
511	mineral water	french wine	gluten free bar																	
512	burgers	ground beef	spaghetti	eggs	french fries															
513	soup	meatballs	milk	energy bar																
514	chocolate																			
515	herb & pepper																			
516	turkey	red wine	mineral water	eggs	bramble															
517	burgers	ham	frozen vegetables	tomatoes	cake	chicken	green tea	toothpaste	mint											
518	grated cheese	mineral water	olive oil	energy bar																
519	milk	cake	green tea																	
520	mineral water	almonds	cooking oil	cereals	protein bar	white wine	green tea													
521	turkey	fresh tuna	mineral water	milk	eggs	cake	burger sauce	chicken	french fries	frozen smoothie	fresh bread									
522	herb & pepper	mineral water	whole wheat rice	yogurt cake	low fat yogurt															
523	tomatoes	spaghetti	meatballs	chicken	eggs															
524	burgers	mineral water	eggs	green tea	pancakes															
525	cake	green tea																		
526	chocolate	herb & pepper	yogurt cake																	
527	ground beef	spaghetti	mineral water	almonds	salmon	nonfat milk	green grapes	pancakes												
528	mineral water	vegetables mix	eggs																	
529	protein bar																			
530	eggs	eggplant																		
531	mayonnaise																			
532	milk	bug spray	oatmeal	sandwich	asparagus															
533	frozen vegetables	soup	almonds	eggs	french fries															
534	frozen vegetables																			
535	soup	butter	shampoo																	
536	herb & pepper	whole wheat pasta	pepper	eggs																
537	mineral water	whole wheat rice	rice	cooking oil	chocolate	fresh bread	low fat yogurt													
538	grated cheese	butter	chocolate	french fries	cookies															
539	spaghetti	soup	milk	chutney	cooking oil	asparagus	tomato juice													
540	eggs	french fries	frozen smoothie	cookies	champagne	cottage cheese	green tea													
541	turkey	tomatoes	mineral water	eggs	blueberries															
542	milk	tomato juice	low fat yogurt	green tea																
543	mineral water	soup	almonds	cereals	green tea															
544	chocolate	light mayo																		
545	turkey	herb & pepper	chocolate																	
546	eggs	french fries	green tea																	
547	mineral water	cake	chocolate	tomato juice																
548	eggs																			
549	chocolate	pepper	spaghetti	mineral water	whole wheat rice	champagne	mushroom cream sauce													
550	frozen vegetables	pepper	mineral water	chocolate	white wine															
551	burgers	turkey	spaghetti	milk	whole wheat rice	oil	tomato juice	green tea												
552	burgers	spaghetti	mineral water	soup	french wine	french fries	light mayo	low fat yogurt												
553	butter	green grapes	frozen smoothie	low fat yogurt																
554	eggs	low fat yogurt																		
555	cookies																			
556	milk	energy drink																		
557	olive oil	energy drink																		
558	eggs	cookies																		
559	eggs																			
560	energy bar	eggs																		
561	eggs																			
562	eggs	green tea																		
563	escalope																			
564	shrimp	soup	milk	almonds	eggs	oil	chocolate													
565	chocolate	french fries																		
566	cake																			
567	pancakes	eggs	cake	green tea	toothpaste															
568	herb & pepper	tomatoes	ground beef	eggs	cooking oil															
569	cider	eggs	chocolate	low fat yogurt																
570	frozen vegetables	cider	eggs	french fries																
571	yams	cookies	toothpaste																	
572	mineral water	milk	escalope	champagne	hot dogs	fresh bread														
573	ham	herb & pepper	spaghetti	mineral water	chocolate	pancakes	eggs													
574	pepper	mineral water	escalope	shallot	protein bar	white wine														
575	turkey	parmesan cheese	spaghetti	meatballs	butter															
576	herb & pepper	eggs	escalope																	
577	herb & pepper																			
578	burgers	escalope	shallot																	
579	chocolate	pepper	tomato sauce	tomato juice																
580	cookies																			
581	burgers	ground beef	spaghetti	mineral water	escalope	melons														
582	frozen vegetables	mineral water	soup	milk	olive oil															
583	turkey	eggs	french fries	asparagus	low fat yogurt	zucchini														
584	burgers	frozen vegetables	gums																	
585	herb & pepper	frozen vegetables	ground beef	milk																
586	frozen vegetables	cake	light cream	mashed potato																
587	milk																			
588	turkey	eggs	barbecue sauce																	
589	escalope																			
590	parmesan cheese	french fries																		
591	energy bar	eggs																		
592	soup	escalope	mint																	
593	muffins	chicken	zucchini																	
594	burgers	eggs	french fries	cookies	green tea															
595	spaghetti																			
596	avocado	energy bar	chocolate																	
597	cookies																			
598	green tea																			
599	whole wheat pasta	spaghetti	mineral water	olive oil																
600	grated cheese	frozen vegetables	eggs	gums	escalope	low fat yogurt														
601	grated cheese	herb & pepper	mineral water	pancakes	chocolate	escalope	tomato juice													
602	chocolate	spaghetti	yams	flax seed	salmon	frozen smoothie														
603	burger sauce	oil																		
604	eggs	french fries	energy drink																	
605	mineral water																			
606	grated cheese	ground beef	mineral water	olive oil																
607	eggs	low fat yogurt																		
608	parmesan cheese	spaghetti	soda	pet food	white wine															
609	turkey	shrimp	olive oil	chicken	eggs	extra dark chocolate	melons	fresh bread												
610	pickles	ground beef	yams	milk	strong cheese	salmon	muffins	french fries	escalope											
611	pepper	spaghetti	light cream																	
612	frozen vegetables	mineral water	eggs																	
613	spaghetti	chicken	tea	pancakes	gluten free bar															
614	fresh tuna	turkey	herb & pepper	spaghetti	mineral water	mint														
615	spaghetti	mineral water	cooking oil	escalope																
616	soup																			
617	burgers	herb & pepper	spaghetti																	
618	cookies	shallot	strawberries																	
619	fresh tuna	chocolate	shrimp	whole wheat pasta	pepper	mineral water	soup	milk	salmon											
620	yams	mineral water	avocado	milk	butter	cooking oil	chocolate	cottage cheese												
621	ham	eggs	french fries	energy drink																
622	mineral water	avocado																		
623	cookies																			
624	chocolate	butter	eggs	green tea	cottage cheese	mayonnaise														
625	eggs	mushroom cream sauce	low fat yogurt																	
626	antioxydant juice	chocolate																		
627	ground beef	spaghetti	french fries	green tea																
628	cake																			
629	turkey	red wine	mineral water	pancakes	eggs	whole wheat rice	cooking oil	chocolate	zucchini											
630	chocolate	parmesan cheese	mineral water	olive oil	bacon															
631	green grapes	gums																		
632	shrimp	frozen vegetables	parmesan cheese	milk	eggs	cooking oil	chocolate	french fries												
633	ground beef	mineral water	milk	eggs																
634	escalope																			
635	turkey	cookies																		
636	ground beef	mineral water	chocolate	green tea																
637	whole wheat pasta	spaghetti	olive oil	butter	chocolate	french fries	tomato juice	low fat yogurt												
638	red wine																			
639	frozen vegetables	mineral water	eggs	gums	cooking oil	frozen smoothie	cottage cheese	low fat yogurt												
640	turkey	grated cheese	energy bar	vegetables mix	brownies															
641	turkey	burgers	nonfat milk	cooking oil	energy drink															
642	french fries	low fat yogurt																		
643	muffins																			
644	herb & pepper	mineral water	salmon	whole wheat rice	cake	green tea														
645	mineral water	cake	chocolate	low fat yogurt	candy bars															
646	grated cheese	mineral water	chocolate	soup	milk	olive oil	light cream	chicken												
647	mineral water	strawberries																		
648	escalope																			
649	grated cheese	parmesan cheese	butter	whole wheat rice	cooking oil															
650	ground beef	mint																		
651	cookies																			
652	ground beef	avocado	milk	chicken	rice															
653	frozen vegetables	soup	eggs	low fat yogurt																
654	herb & pepper	ground beef	spaghetti	mineral water	chocolate	black tea	french wine	pancakes	rice	green tea	toothpaste									
655	shrimp	parmesan cheese	mineral water	eggs	cake	oil	cooking oil	toothpaste	low fat yogurt											
656	ham	herb & pepper	frozen vegetables	tomatoes	spaghetti	olive oil	black tea	vegetables mix	cooking oil	green tea	frozen smoothie	mint								
657	chicken	cider	eggs																	
658	shrimp	tomato sauce	mineral water	chocolate	escalope	mint														
659	energy drink																			
660	ham	spaghetti	mineral water	energy bar	eggs	cooking oil	pancakes	fresh bread	low fat yogurt											
661	shrimp	frozen vegetables	tomatoes																	
662	turkey	herb & pepper	frozen vegetables	ground beef	yams	mineral water	salmon													
663	shrimp	mineral water																		
664	turkey	ground beef	spaghetti	soup	escalope	yogurt cake														
665	shrimp	pepper	mineral water	soup	milk	eggs	rice	barbecue sauce	clothes accessories	cookies										
666	burgers	pancakes																		
667	low fat yogurt																			
668	mineral water	milk																		
669	milk																			
670	chocolate																			
671	whole wheat pasta	mineral water	olive oil	pancakes																
672	yams	mineral water	eggs	cake																
673	turkey	french fries																		
674	shrimp	spaghetti	yams	mineral water	chocolate	olive oil	light cream	chicken	green tea	french fries	sandwich	white wine								
675	mineral water	milk	salmon	green tea	cookies	fresh bread														
676	spaghetti	olive oil																		
677	herb & pepper	spaghetti																		
678	spaghetti	mineral water	soup	salmon	pancakes	chicken	mint green tea	low fat yogurt												
679	frozen vegetables	whole wheat pasta	ground beef	mineral water	chocolate	milk	olive oil	almonds	french wine	yogurt cake	fresh bread									
680	green tea																			
681	burgers	grated cheese	spaghetti	nonfat milk	eggs	gums	chocolate	tomato juice	low fat yogurt											
682	ham	ground beef	olive oil	energy bar	chicken	brownies	white wine													
683	whole wheat pasta	mineral water	olive oil	cooking oil	frozen smoothie	green tea														
684	vegetables mix	champagne																		
685	olive oil																			
686	herb & pepper	ground beef	escalope	pancakes	green tea															
687	herb & pepper	frozen vegetables	ground beef	tomato sauce	spaghetti	mineral water	milk	french wine	eggs	whole wheat rice	chocolate	escalope	hot dogs	green tea						
688	yams	carrots																		
689	chicken																			
690	turkey	burgers	herb & pepper	ground beef	yams	mineral water	avocado	milk	almonds	muffins	eggs	french fries								
691	whole wheat pasta	salmon	antioxydant juice	mint green tea																
692	chocolate	french fries	strawberries	fresh bread																
693	burgers	chocolate	shrimp	whole wheat pasta	ground beef	soup	energy bar	 asparagus												
694	mineral water	butter	pancakes	french fries	frozen smoothie	white wine	low fat yogurt													
695	muffins	eggs																		
696	turkey	shrimp	frozen vegetables	eggs																
697	burgers	eggs	yogurt cake																	
698	burgers	fresh tuna	shrimp	frozen vegetables	whole wheat pasta	yams	mineral water	olive oil	almonds	cake	chicken	extra dark chocolate								
699	herb & pepper	ground beef	mineral water	chicken																
700	frozen smoothie																			
701	chicken	tomato juice																		
702	whole wheat pasta	olive oil																		
703	milk	energy bar	green tea																	
704	grated cheese	herb & pepper																		
705	escalope	green tea																		
706	soup	meatballs	milk	almonds	green tea															
707	herb & pepper	pet food	cookies																	
708	grated cheese	whole wheat pasta	olive oil	energy bar	light cream	oil	french fries	pancakes	low fat yogurt											
709	honey																			
710	parmesan cheese	mineral water	fromage blanc	eggs	honey	frozen smoothie														
711	bramble	zucchini																		
712	ground beef	pepper	milk	eggs	green tea	chocolate	white wine													
713	chocolate	red wine	butter	french fries	cookies	low fat yogurt														
714	chocolate	spaghetti	bug spray																	
715	cookies																			
716	spaghetti	mineral water	vegetables mix	eggs	whole wheat rice	fresh bread														
717	chocolate	grated cheese	mineral water	salmon	whole wheat rice	burger sauce	escalope	mushroom cream sauce	low fat yogurt											
718	spaghetti	champagne																		
719	frozen vegetables	mineral water																		
720	mineral water	body spray	low fat yogurt																	
721	herb & pepper	red wine	whole wheat pasta	cake	tomato juice															
722	burgers	parmesan cheese	eggs	french fries	hot dogs															
723	mineral water	eggs	pancakes																	
724	eggs	french fries																		
725	shrimp	frozen vegetables	tomatoes	spaghetti																
726	mineral water	almonds	pancakes	chocolate	french fries	green tea														
727	cake	french fries	escalope																	
728	frozen vegetables	spaghetti	mineral water	milk	black tea	french wine	cider	chutney	salmon											
729	almonds	cake	low fat yogurt																	
730	french fries																			
731	hot dogs																			
732	mineral water	soup	chicken	light cream	green tea	chocolate	champagne	low fat yogurt												
733	ground beef	olive oil																		
734	french fries	cookies	green tea																	
735	soup	blueberries	cooking oil	chocolate	cookies	champagne	salt													
736	chocolate	french fries	frozen smoothie	escalope	fresh bread															
737	yams	mint																		
738	frozen vegetables	ground beef	salmon	muffins	chocolate	magazines														
739	fresh tuna	herb & pepper	parmesan cheese	milk	olive oil	pancakes	honey	cake	chocolate											
740	grated cheese	shrimp	butter	whole wheat rice	french fries	escalope	cookies	cottage cheese												
741	energy bar	eggs	french fries	champagne	body spray															
742	burgers	eggs	french fries																	
743	burgers	shrimp	mineral water	milk	eggs	chocolate	french fries	fresh bread												
744	ground beef	mineral water	chocolate	milk	chicken	nonfat milk	green tea													
745	mineral water	chicken																		
746	turkey	ground beef	spaghetti	milk	eggs	cake														
747	french fries	green tea																		
748	french fries	escalope																		
749	turkey	sparkling water																		
750	whole wheat pasta	mineral water	olive oil	carrots	protein bar	low fat yogurt														
751	cookies																			
752	turkey	grated cheese	honey	green beans	french fries															
753	turkey	red wine	mineral water	chocolate	soup	light cream	rice	oil	chicken	barbecue sauce										
754	turkey	eggs																		
755	low fat yogurt																			
756	nonfat milk	low fat yogurt																		
757	frozen vegetables	low fat yogurt																		
758	herb & pepper	parmesan cheese	whole wheat pasta	mineral water	milk	eggs	low fat yogurt	mint												
759	yogurt cake	mint																		
760	sandwich	salt																		
761	shrimp	fresh bread	green tea																	
762	pepper	tomato sauce	escalope																	
763	mineral water	cake	protein bar	toothpaste																
764	candy bars																			
765	red wine																			
766	spaghetti	mineral water	honey	strawberries																
767	mineral water	eggs	green tea																	
768	grated cheese	frozen vegetables	parmesan cheese	french wine	french fries	fresh bread	green tea													
769	frozen vegetables	parmesan cheese	whole wheat pasta	spaghetti	mineral water	chocolate	avocado	milk	olive oil	muffins	cake									
770	chocolate	grated cheese	shrimp	spaghetti	olive oil	honey	strawberries	mint												
771	spaghetti	strawberries																		
772	burgers	chocolate	mushroom cream sauce																	
773	mineral water	olive oil	extra dark chocolate																	
774	eggs	green tea																		
775	tomato juice																			
776	muffins	low fat yogurt																		
777	soup	olive oil	pancakes	light cream	champagne	low fat yogurt														
778	mineral water	vegetables mix	low fat yogurt																	
779	pepper	mineral water	avocado	pancakes	eggs	honey	green tea	chocolate												
780	pickles	burgers	almonds	honey	frozen smoothie															
781	bug spray	clothes accessories	cottage cheese																	
782	frozen vegetables	ground beef	spaghetti	pancakes	honey	whole wheat rice	green beans	french fries	frozen smoothie	mashed potato										
783	spaghetti	mineral water	milk																	
784	pancakes																			
785	muffins																			
786	frozen vegetables	oil	cereals																	
787	turkey	shrimp	mineral water	milk	almonds	strong cheese	cake	frozen smoothie												
788	chocolate	rice	eggplant	hand protein bar	zucchini															
789	spaghetti	meatballs	nonfat milk	hot dogs																
790	frozen vegetables	cake	cookies	pancakes																
791	butter	bug spray	french fries	yogurt cake	green tea															
792	herb & pepper																			
793	soup	milk	cider	chicken	green beans															
794	shrimp	spaghetti	mineral water	avocado	milk	salmon	frozen smoothie	escalope	hot dogs											
795	milk	whole wheat rice	escalope	champagne																
796	escalope	pasta	mushroom cream sauce																	
797	parmesan cheese																			
798	grated cheese	spaghetti	french fries																	
799	burgers	shrimp	whole wheat pasta	spaghetti	mineral water	milk	olive oil	chicken	salmon	pancakes	cake									
800	turkey	chocolate	grated cheese	frozen vegetables	ground beef	spaghetti	milk	butter	bacon	whole wheat rice										
801	turkey	pepper	chocolate	fromage blanc	eggs	green tea	escalope													
802	tomatoes	ground beef	avocado	milk	pancakes	green tea														
803	turkey	mineral water	green tea	protein bar																
804	mineral water	low fat yogurt																		
805	pancakes	tomato juice	candy bars																	
806	yams	avocado	bacon	oil	french fries	brownies	pancakes	zucchini	green tea											
807	shrimp	spaghetti	mineral water	soup	milk	olive oil	chicken	cake	burger sauce	oil										
808	chicken	cooking oil	tea																	
809	burgers	soup	vegetables mix	pancakes	body spray	melons	protein bar	asparagus	mayonnaise	mint	green tea									
810	shrimp	pepper																		
811	spaghetti	olive oil	blueberries																	
812	muffins																			
813	grated cheese	herb & pepper	muffins	eggs	low fat yogurt															
814	grated cheese	frozen vegetables	spaghetti	milk	gums	light cream	cooking oil	gluten free bar												
815	pepper	pancakes	french fries	tomato juice																
816	frozen vegetables	tomatoes	parmesan cheese	ground beef	tomato sauce	milk	extra dark chocolate	melons	mint	green tea										
817	olive oil	chicken	chocolate	cookies	green tea															
818	whole wheat pasta	ground beef	spaghetti	chocolate	french wine	pancakes	eggs	frozen smoothie	sandwich	tomato juice										
819	eggs	cottage cheese																		
820	muffins	cottage cheese																		
821	green tea	frozen smoothie	white wine																	
822	mineral water	chocolate	rice	champagne																
823	mineral water																			
824	shrimp	whole wheat pasta	meatballs	milk																
825	herb & pepper	parmesan cheese	ground beef	pepper	spaghetti	cream	black tea	almonds	french wine	pancakes	eggs									
826	grated cheese	shrimp	parmesan cheese	ground beef	mineral water	mint														
827	mineral water	rice																		
828	pancakes																			
829	mineral water	honey																		
830	burgers	ground beef	pancakes	salt																
831	parmesan cheese	soda	french fries	brownies																
832	whole wheat rice																			
833	ground beef	spaghetti	chicken	rice	oil	cooking oil	hot dogs	mint												
834	butter	chocolate																		
835	pepper																			
836	herb & pepper	chocolate	champagne	yogurt cake	green tea															
837	grated cheese	mineral water	eggs	escalope																
838	cookies	yogurt cake	light mayo	green tea																
839	milk	cooking oil																		
840	milk	olive oil	light cream	cooking oil	chicken	extra dark chocolate	cereals	french fries	frozen smoothie	pancakes	tomato juice	fresh bread	low fat yogurt							
841	tomatoes	soup	avocado	milk	yogurt cake	energy drink	low fat yogurt	green tea												
842	ham	chocolate	ground beef	mineral water	oil															
843	green tea	champagne	escalope																	
844	chocolate																			
845	escalope	pasta																		
846	burgers	mineral water	olive oil	rice	antioxydant juice	frozen smoothie														
847	green tea																			
848	grated cheese	tomato sauce	spaghetti	milk	pancakes	energy drink	white wine													
849	turkey	spaghetti	strong cheese	strawberries																
850	muffins																			
851	ground beef	spaghetti	cider	cooking oil	cookies															
852	burgers	frozen vegetables	parmesan cheese	spaghetti	fromage blanc	vegetables mix	pancakes	honey	hot dogs	low fat yogurt										
853	ground beef																			
854	green beans																			
855	frozen vegetables	mineral water	honey	whole wheat rice	champagne	escalope														
856	parmesan cheese	milk	butter	black tea	eggs	frozen smoothie	light mayo	shampoo	low fat yogurt	green tea										
857	mineral water	cake																		
858	turkey	mineral water	milk	pancakes	whole wheat rice	cooking oil	frozen smoothie	cookies	green tea											
859	avocado	chocolate	french fries																	
860	green tea																			
861	chocolate	eggs	bug spray																	
862	grated cheese	muffins	french fries	body spray																
863	mineral water	eggs	blueberries	soda	escalope															
864	whole wheat rice																			
865	nonfat milk	cookies	mushroom cream sauce																	
866	french fries	champagne																		
867	mineral water	salmon																		
868	olive oil																			
869	turkey	tomatoes	ground beef	soup	milk	butter	honey	cake	mint green tea	brownies	salt									
870	parmesan cheese	spaghetti	mineral water	chocolate	napkins	low fat yogurt														
871	burgers	parmesan cheese	chocolate	soup	milk	olive oil	energy bar	butter	almonds	fromage blanc	eggs	cake	pancakes							
872	shrimp	honey	pasta	energy drink	green tea															
873	fresh tuna	chocolate	milk	french wine	muffins	pancakes	champagne	frozen smoothie												
874	strawberries																			
875	herb & pepper																			
876	herb & pepper	frozen vegetables	tomatoes	parmesan cheese	ground beef	fromage blanc	eggs	honey	cake	rice	cereals	french fries	champagne							
877	spaghetti	mineral water	milk	strong cheese	cereals	escalope	cottage cheese													
878	turkey	burgers	fresh tuna	spaghetti	pancakes	eggs	cake	cottage cheese	energy drink	gluten free bar										
879	eggplant																			
880	burgers	spaghetti	mineral water	almonds	honey	extra dark chocolate	carrots	mashed potato												
881	chocolate	french fries	frozen smoothie	cottage cheese	strawberries	light mayo														
882	strong cheese																			
883	chocolate	french fries																		
884	chocolate	french fries	strawberries																	
885	turkey	frozen vegetables	avocado	cake	light cream	cooking oil	chicken	chocolate bread	mashed potato											
886	olive oil	energy bar	shallot																	
887	turkey	shrimp																		
888	chocolate	spaghetti	champagne	yogurt cake																
889	shrimp	mineral water	chocolate	avocado	butter	zucchini	green tea													
890	muffins	green tea	brownies																	
891	yogurt cake																			
892	turkey	tomato sauce	milk	butter	bacon	salmon	cooking oil	chocolate	french fries	hot dogs	melons	protein bar	mint							
893	grated cheese																			
894	butter	burger sauce	brownies	pancakes																
895	butter	pancakes	whole wheat rice	green tea	french fries	cookies	shallot	low fat yogurt												
896	shrimp	chocolate	butter	cooking oil	escalope															
897	burgers	red wine	frozen vegetables	pepper	spaghetti	chocolate	milk	honey	whole wheat rice	cooking oil	cereals									
898	turkey	ground beef	spaghetti	pancakes	eggs	cake	chili	pet food	chocolate											
899	shrimp	milk	butter	chicken	salt	mayonnaise	green tea													
900	fresh tuna	mineral water	fromage blanc	honey	gums	chocolate	french fries	frozen smoothie	sparkling water	strawberries	green tea									
901	chocolate	cookies																		
902	sparkling water	light mayo																		
903	frozen vegetables	tomatoes	spaghetti	chicken	french fries	escalope														
904	turkey	burgers	butter	vegetables mix	green grapes	pancakes	eggs	cake	barbecue sauce	green tea										
905	red wine	shrimp	yams	eggs	burger sauce	yogurt cake														
906	french fries	light mayo																		
907	burgers	ground beef	eggs	chocolate	champagne	zucchini														
908	mushroom cream sauce																			
909	butter	mint green tea																		
910	whole wheat rice																			
911	gums																			
912	mineral water	french fries	champagne	green tea																
913	cereals	salt	green tea																	
914	shrimp	spaghetti	chocolate	french fries	escalope	cookies	brownies	pancakes	melons											
915	ham	spaghetti	yams	chicken	cooking oil	chocolate	hot dogs													
916	eggs																			
917	ground beef	olive oil	bug spray	frozen smoothie	hot dogs															
918	frozen vegetables	spaghetti	mineral water	soup	olive oil	escalope														
919	whole wheat rice	oil	chicken	french fries	escalope															
920	green tea																			
921	parmesan cheese	whole wheat rice	escalope	champagne																
922	fresh tuna	frozen vegetables	chicken	fromage blanc	honey	light mayo														
923	ground beef																			
924	muffins	champagne	cookies	fresh bread	green tea															
925	frozen vegetables	spaghetti	chocolate	escalope	fresh bread															
926	pickles	spaghetti	french fries	frozen smoothie																
927	avocado																			
928	sandwich																			
929	spaghetti	milk	oil	shampoo																
930	champagne																			
931	spaghetti																			
932	champagne																			
933	avocado	milk	butter	french fries	cookies															
934	turkey	frozen vegetables	chicken	eggs	frozen smoothie	cauliflower	low fat yogurt													
935	burgers	shrimp	tomatoes	milk	energy bar	almonds	chicken	chocolate	french fries	body spray										
936	burgers	milk	cake	cooking oil	french fries	escalope	zucchini													
937	tomatoes	spaghetti	chocolate	milk	olive oil	whole wheat rice	cake	frozen smoothie	protein bar											
938	fresh tuna	red wine	pepper	spaghetti	fromage blanc	salmon	pancakes	eggs	honey	green tea										
939	milk	low fat yogurt																		
940	shrimp	parmesan cheese	soup	chocolate	brownies															
941	spaghetti	chicken																		
942	grated cheese	vegetables mix	nonfat milk	green tea																
943	fresh tuna	parmesan cheese	cider	muffins	spinach	honey	oil													
944	cake																			
945	shrimp	chocolate	mushroom cream sauce	candy bars																
946	candy bars																			
947	avocado	honey																		
948	shrimp	frozen vegetables	tomatoes	cottage cheese																
949	french fries																			
950	strawberries																			
951	ground beef	almonds	french fries	escalope																
952	grated cheese	spaghetti																		
953	turkey	mineral water	butter	frozen smoothie																
954	frozen vegetables	spaghetti	french fries	light mayo	green tea															
955	burgers	ham	spaghetti	whole wheat rice	eggplant	chocolate	cookies	shallot	green tea											
956	grated cheese	frozen vegetables	spaghetti	avocado	milk	blueberries	light cream	rice	green tea	chocolate	french fries	frozen smoothie	cookies	hot dogs						
957	burgers	shrimp	tomatoes	bacon	whole wheat rice	green tea														
958	parmesan cheese	pancakes																		
959	parmesan cheese	cake	hot dogs	green tea																
960	spaghetti	milk	fromage blanc	ketchup	chocolate	babies food														
961	mint																			
962	chocolate	mint																		
963	butter	french fries	salt	fresh bread																
964	chocolate	french fries	strawberries	yogurt cake	light mayo															
965	eggs	eggplant	cookies																	
966	yogurt cake																			
967	herb & pepper	spaghetti	meatballs	milk	olive oil	chicken	honey	frozen smoothie	escalope	pancakes										
968	frozen vegetables	rice	chocolate																	
969	herb & pepper	ground beef	spaghetti	chocolate	milk	eggs	light cream													
970	eggs	champagne																		
971	whole wheat pasta	ground beef	olive oil	blueberries	escalope															
972	burgers	red wine	mineral water	eggs	oil	carrots	hand protein bar	tomato juice												
973	chocolate	grated cheese	herb & pepper	mineral water	soup	olive oil														
974	burgers	shrimp	mineral water	chicken	fromage blanc	salmon	eggs	cake	frozen smoothie	strawberries										
975	green tea																			
976	cookies																			
977	french fries	cookies																		
978	milk	butter	eggs																	
979	eggs	mushroom cream sauce	low fat yogurt																	
980	eggs	green tea																		
981	mineral water	whole wheat rice																		
982	shrimp	frozen vegetables	parmesan cheese	mineral water	whole wheat rice	cake														
983	whole wheat rice	pancakes																		
984	frozen vegetables	spaghetti	olive oil	butter	salmon	oil	cooking oil	frozen smoothie	cauliflower											
985	green tea																			
986	fresh tuna	eggs	escalope	strawberries																
987	spaghetti	soup	milk	carrots	chocolate															
988	burgers	mineral water	soup	meatballs	olive oil															
989	grated cheese	mineral water	cooking oil	french fries	cookies	low fat yogurt														
990	shrimp	milk	olive oil	french fries																
991	frozen vegetables	mineral water	pancakes	cake	tomato juice															
992	spaghetti	milk	chicken																	
993	grated cheese	mineral water	chicken	french fries	cottage cheese	pancakes														
994	ground beef	mineral water	milk	eggs	mint															
995	shrimp	body spray	green tea																	
996	frozen smoothie																			
997	herb & pepper	frozen vegetables	mineral water	muffins	cereals															
998	turkey	tomatoes	spaghetti	milk	cider	eggs	honey	cake	green tea	french fries	brownies	tomato juice								
999	herb & pepper	red wine	spaghetti	eggs	whole wheat rice	chocolate	french fries	escalope	cookies											
